epoch,loss,train_accuracy,val_accuracy
1,1.3864423783538897,0.58104,0.5763
2,0.9258332874463953,0.6815,0.6574
3,0.7632867736584695,0.74836,0.7173
4,0.6597084575296973,0.75548,0.7103
5,0.5793942797671804,0.823,0.7719
